num_iter,max_error,l2_energy,rmse,rrmse,rmsre,step_size,time,solve_time,constraint_time,direction_time,line_search_time,direction_norm,direction_residual,
0,3.14477133095731709,0.00000000000000000,0.00000000000000000,0.00000000000000000,0.00000000000000000,1.00000000000000000,0.00000000000000000,0.00000000000000000,0.00000000000000000,0.00000000000000000,0.00000000000000000,0.00000000000000000,0.00000000000000000,
1,1.36907668007709660,122.59777760372945465,0.03202676484962192,0.00052057540217209,0.06259759079755209,0.50000000000000000,0.08510400000000000,0.01795700000000000,0.02476900000000000,0.02165600000000000,0.02950799999999999,31.31744275687010415,0.00000000000702353,
2,0.69388192390715275,615.11716108163864192,0.07331584738253702,0.00119170409237267,0.14320378380673207,1.00000000000000000,0.14587600000000001,0.01715400000000000,0.02090499999999999,0.02090900000000000,0.01809800000000000,20.18261334115210559,0.00000000000488546,
3,0.05587498873274832,632.35320581762016445,0.07408930345596218,0.00120427614604017,0.14414422248396974,1.00000000000000000,0.21507299999999999,0.01828300000000000,0.02757100000000001,0.02322700000000000,0.01754899999999998,2.58148740814004718,0.00000000000032571,
4,0.00051261290754390,633.10570129732013811,0.07415276958940643,0.00120530774907897,0.14427651632146954,1.00000000000000000,0.28331200000000001,0.01765200000000000,0.02710899999999999,0.02214900000000000,0.01817700000000000,0.09278793282111206,0.00000000000001197,
5,0.00000005845157158,633.10679801160711122,0.07415289588218761,0.00120530980189060,0.14427680379531529,1.00000000000000000,0.35305399999999998,0.01851200000000000,0.02749999999999997,0.02307100000000001,0.01833700000000005,0.00043126667595869,0.00000000000000006,
6,0.00000000000000799,633.10679817890513732,0.07415289589838132,0.00120530980215382,0.14427680383177577,1.00000000000000000,0.42147799999999996,0.01802200000000000,0.02736800000000000,0.02259400000000000,0.01767900000000000,0.00000003809241204,0.00000000000000000,
