num_iter,max_error,l2_energy,rmse,rrmse,rmsre,step_size,time,solve_time,constraint_time,direction_time,line_search_time,direction_norm,direction_residual,
0,3.13589111082356986,0.00000000000000000,0.00000000000000000,0.00000000000000000,0.00000000000000000,1.00000000000000000,0.00000000000000000,0.00000000000000000,0.00000000000000000,0.00000000000000000,0.00000000000000000,0.00000000000000000,0.00000000000000000,
1,1.67611535219154106,80.32856659546841627,0.00208268758522707,0.00058628802061156,0.06063301492401869,0.50000000000000000,0.05707200000000000,0.01534000000000000,0.01582600000000000,0.01847000000000000,0.01630900000000000,25.35011898914376616,0.00000000000558466,
2,0.82746706053006225,183.80193927010196830,0.00316203864237457,0.00089013128511684,0.09197447519016803,0.50000000000000000,0.10609800000000000,0.01486200000000000,0.01297300000000000,0.01790300000000000,0.01753200000000001,13.69642826212988673,0.00000000000202063,
3,0.41250323589540550,247.49865808358066488,0.00367787665628823,0.00103534252576514,0.10700904525631599,0.50000000000000000,0.15420499999999998,0.01369000000000000,0.01375699999999999,0.01655200000000001,0.01717399999999999,6.68152573655044879,0.00000000000097893,
4,0.05204288165036353,318.72337608510736118,0.00418830969934619,0.00117903223736274,0.12190957436910629,1.00000000000000000,0.19696600000000000,0.01370100000000000,0.01474099999999998,0.01669200000000001,0.01068300000000000,3.29727881850306614,0.00000000000033874,
5,0.00010075821465616,318.13595052946635633,0.00418429765526664,0.00117790282486771,0.12178900019087359,1.00000000000000000,0.24171499999999999,0.01400600000000000,0.01652899999999999,0.01724500000000001,0.01034199999999999,0.10158290452791259,0.00000000000001416,
6,0.00000000194533278,318.13549185628016858,0.00418429572232010,0.00117790228073262,0.12178895129275064,1.00000000000000000,0.29044799999999998,0.01433200000000000,0.01581700000000000,0.01753800000000000,0.01451100000000000,0.00018569580123705,0.00000000000000004,
7,0.00000000000000444,318.13549184512265811,0.00418429572225166,0.00117790228071335,0.12178895129086696,1.00000000000000000,0.33483900000000000,0.01386700000000000,0.01603100000000002,0.01704899999999998,0.01065899999999997,0.00000000181150467,0.00000000000000000,
