num_iter,max_error,l2_energy,rmse,rrmse,rmsre,step_size,time,solve_time,constraint_time,direction_time,line_search_time,direction_norm,direction_residual,
0,4.92184665977021307,0.00000000000000000,0.00000000000000000,0.00000000000000000,0.00000000000000000,1.00000000000000000,0.00000000000000000,0.00000000000000000,0.00000000000000000,0.00000000000000000,0.00000000000000000,0.00000000000000000,0.00000000000000000,
1,7.16427156454783187,89.97738259429718255,0.00202590531481499,0.00054990007370020,0.05902926393640746,0.50000000000000000,0.07226099999999999,0.01295200000000000,0.02009000000000000,0.01685600000000000,0.02796899999999999,26.82944391437096954,0.00000000001238403,
2,4.15967553577650406,220.56857864573422034,0.00314036985921047,0.00085240391265938,0.09304271161731686,0.50000000000000000,0.13559099999999999,0.01198000000000000,0.02058200000000000,0.01588700000000000,0.02618100000000000,16.79352723036970474,0.00000000001077156,
3,0.58627037832963591,425.89730032196166576,0.00435073185219558,0.00118093760289614,0.13100558469381779,1.00000000000000000,0.19665900000000000,0.01457300000000000,0.02368599999999998,0.01891000000000001,0.01779500000000001,9.47471663187338109,0.00000000000655618,
4,0.04588081835684221,433.83494512918088049,0.00438475664661326,0.00119017309718163,0.13223842059993132,1.00000000000000000,0.25535900000000000,0.01307600000000000,0.02547900000000000,0.01764299999999999,0.01490100000000000,1.29378012983292678,0.00000000000085822,
5,0.00007510947815881,434.05784483633101445,0.00438546743246602,0.00119036602880087,0.13228253242444180,1.00000000000000000,0.31289499999999998,0.01249000000000000,0.02438999999999997,0.01714500000000002,0.01532800000000001,0.06567648795032559,0.00000000000003285,
6,0.00000000093629282,434.05787452483178868,0.00438546848324860,0.00119036631401924,0.13228255718523105,1.00000000000000000,0.37500000000000000,0.01236800000000000,0.02529300000000001,0.01696500000000001,0.01919100000000001,0.00013889232711532,0.00000000000000004,
7,0.00000000000001155,434.05787452589106579,0.00438546848325233,0.00119036631402025,0.13228255718559132,1.00000000000000000,0.43386999999999998,0.01233000000000000,0.02609699999999998,0.01678600000000002,0.01529600000000003,0.00000000110711175,0.00000000000000000,
