num_iter,max_error,l2_energy,rmse,rrmse,rmsre,step_size,time,solve_time,constraint_time,direction_time,line_search_time,direction_norm,direction_residual,
0,1.88996144790294274,0.00000000000000000,0.00000000000000000,0.00000000000000000,0.00000000000000000,1.00000000000000000,0.00000000000000000,0.00000000000000000,0.00000000000000000,0.00000000000000000,0.00000000000000000,0.00000000000000000,0.00000000000000000,
1,0.76974985307343324,674.65505338861316886,0.00039657032842725,0.00024651489366841,0.06517257822934873,1.00000000000000000,0.39320699999999997,0.10969100000000000,0.11649100000000000,0.13275300000000001,0.09485499999999997,36.73295668438937867,0.00000000008759937,
2,0.11831412375944161,764.92729700022914585,0.00042246662188429,0.00026261247225752,0.06940877065736617,1.00000000000000000,0.79725400000000002,0.12284900000000000,0.15157999999999999,0.15397700000000003,0.09511099999999995,5.69344528884117551,0.00000000002254769,
3,0.00324509486973934,772.74867195044464552,0.00042432291674056,0.00026376637686487,0.06975083118109697,1.00000000000000000,1.21776700000000004,0.12615799999999999,0.15651300000000001,0.15861200000000009,0.10175800000000002,0.70862273087386829,0.00000000000411983,
4,0.00000302065854285,772.81439494479218411,0.00042433630323147,0.00026377469813640,0.06975345665245915,1.00000000000000000,1.64214899999999986,0.13195299999999999,0.16056799999999982,0.16350799999999999,0.09689800000000015,0.00943803446314659,0.00000000000004350,
5,0.00000000000197353,772.81440931980944242,0.00042433630604553,0.00026377469988567,0.06975345725713634,1.00000000000000000,2.04361699999999979,0.11269300000000000,0.15222900000000017,0.14222999999999986,0.10343099999999983,0.00000390134692383,0.00000000000000001,
6,0.00000000000098410,772.81440931981614995,0.00042433630604553,0.00026377469988567,0.06975345725713657,0.50000000000000000,2.53869499999999970,0.12404100000000000,0.15856300000000001,0.15176299999999987,0.18118699999999999,0.00000000000261821,0.00000000000000000,
