num_iter,max_error,l2_energy,rmse,rrmse,rmsre,step_size,time,solve_time,constraint_time,direction_time,line_search_time,direction_norm,direction_residual,
0,5.74564475728311042,0.00000000000000000,0.00000000000000000,0.00000000000000000,0.00000000000000000,1.00000000000000000,0.00000000000000000,0.00000000000000000,0.00000000000000000,0.00000000000000000,0.00000000000000000,0.00000000000000000,0.00000000000000000,
1,2.08345465677749608,76.85886917055216827,0.00079525669694415,0.00037606192894220,0.05082315885541003,0.50000000000000000,0.08134100000000000,0.01475000000000000,0.02607300000000000,0.01897900000000000,0.02697000000000000,24.79659156747993620,0.00000000000350580,
2,1.05278435677814741,165.19907994446768384,0.00118640292881923,0.00056102762243795,0.07488342855465897,0.50000000000000000,0.16207299999999999,0.01540400000000000,0.02610900000000001,0.02036500000000001,0.03344000000000000,12.50851383293275809,0.00000000000215965,
3,0.13964165291698372,284.45546867471995256,0.00158359784063294,0.00074885362286857,0.09878888044897237,1.00000000000000000,0.23195600000000000,0.01551400000000000,0.02860099999999999,0.02094300000000002,0.01951100000000000,6.25033134974051929,0.00000000000234633,
4,0.00350604016573453,284.40084603888323045,0.00158617952453040,0.00075007445260836,0.09873060040680413,1.00000000000000000,0.30225599999999997,0.01565100000000000,0.03047400000000000,0.02103300000000002,0.01796099999999995,0.42340210788960003,0.00000000000025387,
5,0.00000410151464258,284.39410699889845091,0.00158618612841124,0.00075007757545936,0.09872959709514824,1.00000000000000000,0.36918399999999996,0.01519900000000000,0.02810499999999999,0.02034000000000002,0.01764700000000002,0.00548870994530610,0.00000000000000319,
6,0.00000000000311040,284.39409963261641678,0.00158618611739955,0.00075007757025214,0.09872959586869390,1.00000000000000000,0.43706399999999995,0.01552400000000000,0.02862399999999998,0.02042899999999997,0.01799800000000001,0.00000297652059275,0.00000000000000000,
7,0.00000000000001066,284.39409963261641678,0.00158618611739956,0.00075007757025214,0.09872959586869409,1.00000000000000000,0.50439000000000001,0.01492500000000000,0.02851099999999995,0.01990300000000000,0.01810100000000003,0.00000000000209384,0.00000000000000000,
