num_iter,max_error,l2_energy,rmse,rrmse,rmsre,step_size,time,solve_time,constraint_time,direction_time,line_search_time,direction_norm,direction_residual,
0,3.39682499289877793,0.00000000000000000,0.00000000000000000,0.00000000000000000,0.00000000000000000,1.00000000000000000,0.00000000000000000,0.00000000000000000,0.00000000000000000,0.00000000000000000,0.00000000000000000,0.00000000000000000,0.00000000000000000,
1,1.98841874137130770,52.78138671991649744,0.03171587836931962,0.00030409595097766,0.03965882782343474,0.50000000000000000,0.08074900000000000,0.02133300000000000,0.02004600000000000,0.02504000000000000,0.02614600000000000,20.54874920182082576,0.00000000000758866,
2,0.80103009465398145,242.98099604791735828,0.06851364451386396,0.00065691770036371,0.08622774371487431,1.00000000000000000,0.14447900000000000,0.02125900000000000,0.02088600000000000,0.02522400000000000,0.01669999999999999,12.14637776569882632,0.00000000000541318,
3,0.07575171798129965,256.30056630449712429,0.07043020695500252,0.00067529394936301,0.08851368433472140,1.00000000000000000,0.21169399999999999,0.02140300000000000,0.02427100000000001,0.02549399999999999,0.01653800000000000,1.45084824752030039,0.00000000000098923,
4,0.00044708363655044,256.84052489302365530,0.07055522926224400,0.00067649267944298,0.08864742246731336,1.00000000000000000,0.27675600000000000,0.01993300000000000,0.02436800000000000,0.02387300000000001,0.01593600000000001,0.09729182671764494,0.00000000000005597,
5,0.00000004087114647,256.84172176027874457,0.07055552801841332,0.00067649554395584,0.08864768305637230,1.00000000000000000,0.34550199999999998,0.02162500000000000,0.02582899999999999,0.02613599999999999,0.01590500000000000,0.00054607592126468,0.00000000000000056,
6,0.00000000000000355,256.84172188724926400,0.07055552804660241,0.00067649554422612,0.08864768308903116,1.00000000000000000,0.41761099999999995,0.02254000000000000,0.02441899999999997,0.02685400000000004,0.01999899999999999,0.00000003369017499,0.00000000000000000,
