num_iter,max_error,l2_energy,rmse,rrmse,rmsre,step_size,time,solve_time,constraint_time,direction_time,line_search_time,direction_norm,direction_residual,
0,4.27266919308363846,0.00000000000000000,0.00000000000000000,0.00000000000000000,0.00000000000000000,1.00000000000000000,0.00000000000000000,0.00000000000000000,0.00000000000000000,0.00000000000000000,0.00000000000000000,0.00000000000000000,0.00000000000000000,
1,0.99717845942643102,139.00107030746841019,0.07025745917360086,0.00006218235322115,0.02185476945394940,0.50000000000000000,1.41733599999999993,0.17393900000000001,0.29014000000000001,0.23340799999999995,0.77646399999999993,33.34679238637124854,0.00000000007703872,
2,0.25811792603251504,582.05830590866298735,0.14936155457154310,0.00013219454636237,0.04579891464596515,1.00000000000000000,2.74316000000000004,0.23333200000000001,0.45876999999999990,0.30819799999999975,0.55230200000000007,17.94255463848850951,0.00000000004456696,
3,0.02127479081021022,593.64270611117717635,0.15242587167161534,0.00013490666334667,0.04616631726151941,1.00000000000000000,4.27905099999999994,0.25254500000000002,0.64327299999999976,0.33959500000000009,0.54669999999999996,1.92442997481520539,0.00000000000919694,
4,0.00013463162839589,594.36515474823465865,0.15257621751962488,0.00013503972905580,0.04619796491170673,1.00000000000000000,5.86110599999999948,0.22517000000000001,0.68968300000000049,0.30699999999999950,0.57902200000000015,0.06174648457946067,0.00000000000050292,
5,0.00000000603026340,594.36534602643041580,0.15257627860823325,0.00013503978312313,0.04619796992042729,1.00000000000000000,7.41427399999999981,0.22015799999999999,0.70817299999999950,0.30868200000000012,0.53007899999999974,0.00007791214714834,0.00000000000000024,
6,0.00000000301513037,594.36534602511483172,0.15257627860788620,0.00013503978312282,0.04619796992031294,0.50000000000000000,9.34336699999999887,0.19246600000000000,0.63716200000000089,0.26082200000000100,1.02471300000000021,0.00000000304853607,0.00000000000000000,
7,0.00000000000003464,594.36534602381152581,0.15257627860753775,0.00013503978312251,0.04619796992019903,1.00000000000000000,10.88615699999999897,0.23684300000000000,0.69362700000000110,0.33169700000000013,0.51133799999999852,0.00000000152428170,0.00000000000000000,
