num_iter,max_error,l2_energy,rmse,rrmse,rmsre,step_size,time,solve_time,constraint_time,direction_time,line_search_time,direction_norm,direction_residual,
0,4.27266919308363846,0.00000000000000000,0.00000000000000000,0.00000000000000000,0.00000000000000000,1.00000000000000000,0.00000000000000000,0.00000000000000000,0.00000000000000000,0.00000000000000000,0.00000000000000000,0.00000000000000000,0.00000000000000000,
1,0.99320792348236431,136.06562901765960305,0.06960542308002486,0.00006160525949814,0.02159948462286974,0.50000000000000000,1.41199299999999983,0.19928599999999999,0.28144900000000000,0.26049599999999995,0.75277000000000005,32.99280273243358153,0.00000000007510713,
2,0.25802860023593333,571.80514059283098049,0.14794347764794516,0.00013093945741957,0.04529017229220415,1.00000000000000000,2.52641399999999994,0.17529900000000001,0.41079800000000000,0.23086500000000010,0.46690899999999980,17.80873760201525968,0.00000000004605263,
3,0.01300801123227835,583.77278396613348832,0.15115035374114918,0.00013377774824748,0.04568836422266426,1.00000000000000000,3.87919299999999989,0.20567199999999999,0.57078000000000007,0.26255800000000029,0.50963300000000000,1.91072579322509295,0.00000000000928119,
4,0.00003663526510511,584.51011164717249358,0.15130526858393456,0.00013391485780974,0.04572113311767855,1.00000000000000000,5.92040800000000011,0.19213400000000000,1.25215299999999985,0.27052199999999971,0.51263500000000040,0.06147928215388292,0.00000000000051331,
5,0.00000000027938185,584.51031934690422531,0.15130534284589084,0.00013391492353633,0.04572114144659030,1.00000000000000000,7.31384499999999971,0.20289900000000000,0.61481100000000044,0.27684700000000007,0.49576099999999990,0.00004353792288239,0.00000000000000025,
6,0.00000000013968915,584.51031934667207679,0.15130534284588054,0.00013391492353632,0.04572114144658044,0.50000000000000000,9.27751099999999873,0.19597300000000001,0.63140900000000055,0.27133900000000022,1.05454899999999974,0.00000000018712058,0.00000000000000000,
7,0.00000000000003375,584.51031934641378029,0.15130534284586675,0.00013391492353631,0.04572114144656983,1.00000000000000000,10.82205300000000037,0.21458500000000000,0.69448599999999949,0.30320200000000064,0.54058200000000056,0.00000000009429828,0.00000000000000000,
